left,keyword,right
the commercial community regarding the law as to contracts with,aliens.,An enormous number of contracts were entered into by the
in regard to contracts which are still running with an,alien,"enemy, whether they are, in effect, abrogated altogether, or merely"
regard to contracts which are still running with an alien,"enemy,","whether they are, in effect, abrogated altogether, or merely suspended"
to go to law at the present time with a,German,"firm so as to find out what his rights are,"
somewhat difficult point&#x2014;that is the question of reinsurance treaties with,alien,"insurance companies. I explained this matter a week ago, and"
insurance companies here have what is called reinsurance treaties with,German,and other alien companies. What the insurance companies want to
have what is called reinsurance treaties with German and other,alien,companies. What the insurance companies want to know is what
"contract, or insurance with, or for the benefit of an",enemy;,"nor to accept, or give effect to any insurance of,"
"or entered into with, or for the benefit of, an",enemy,"before the outbreak of the War."" That portion of the"
"the Proclamation, Clause 6 says:&#x2014; ""Provided always that where an",enemy,"has a branch locally situated in British, allied, or neutral"
shall not be treated as transactions by or with an,"enemy.""",I would ask the Attorney-General if he would explain to
reinsurance company had a branch in London&#x2014;and nearly all these,German,companies have&#x2014;would enable the business to go forward just in
which may be made between an English company and a,German,company by which premiums and risks and losses may be
is bound by the Proclamation and the other is an,enemy.,I think that is a clear statement and an accurate
in this country of enterprises whose headquarters are in the,enemy,country. That provision was designed principally to permit trading with
certain special restrictions on the branches in London of certain,German,"banks, and I agree the same consideration to a large"
continuing business with a London branch with headquarters in an,enemy,country is not to be understood to apply. That is
"a subject of our own, and the other is an",enemy,in the sense that he resides and carries on business
sense that he resides and carries on business in the,enemy,"country. He says, we have made our contract in times"
"Buntingford, relating to a farm colony known as Libury Hall",German,"Farm Colony; whether he has replied to that memorial; and,"
the matter is still under the consideration of the Destitute,Aliens,"Committee, to whom I referred the memorial. I may say,"
"the memorial. I may say, however, that most of the",Germans,"in the colony have been removed, and there now remain"
into newspaper offices shall not be accessible to persons of,alien,enemy origin or sympathies? Mr. McKENNA All cables and telegrams
newspaper offices shall not be accessible to persons of alien,enemy,origin or sympathies? Mr. McKENNA All cables and telegrams are
"access to unpublished news to persons in sympathy with, the",enemy.,Mr. JOYNSON-HICKS asked the Home Secretary how many alien enemies
the enemy. Mr. JOYNSON-HICKS asked the Home Secretary how many,alien,enemies are now interned in the various concentration camps; and
whether he can give any estimate of the number of,alien,enemies still at large? Mr. McKENNA I am informed by
am informed by the War Office that the number of,alien,"enemies, other than prisoners taken in action or on merchant"
"14,500. Comparing this number with the figures of adult male","Germans,","Austrians and Hungarians registered at the beginning of the War,"
"treatment, including freedom from arrest, is being extended to certain",alien,"enemies, who being of Polish race are certified by the"
or Prussia; and whether he will consider the granting to,alien,enemies who are Hungarian subjects of approved goodwill a correspondingly
the law is shown them in the enforcement of the,Aliens,"Restriction Act . I regret, however, that the circumstances of"
employers whether they would be prepared again to employ certain,alien,enemies; and to move for a Return of the number
and to move for a Return of the number of,alien,"enemies, not including prisoners of war, who were still interned"
"last, when I initiated a debate on the subject of",alien,"enemies, I was asked by the noble Lord the President"
but to those patriotic employers who refused to take the,aliens,"back into their service. It may be, of course, that"
the patriotic public will refuse to patronise establishments at which,alien,enemies have been taken back. I noticed the other day
letter written from the Isle of Man by an interned,alien,"enemy to the manager of the Welbeck Palace Hotel, London,"
written from the Isle of Man by an interned alien,enemy,"to the manager of the Welbeck Palace Hotel, London, asking"
their way to announce that they will release at once,alien,"enemies who can get work, because the re-employment of these"
"of this practice in a letter, also dated from the",Aliens',"Camp at Douglas, Isle of Man, which has been placed"
there is this great anxiety to find employment 499 for,alien,enemies. I should like to know whether the Government are
the war is over they will take care that all,alien,enemies are deported and that their places are offered to
employers whether they would be prepared again to employ certain,alien,enemies? I see that it was carefully stated by the
"of that kind, how is he to ascertain whether the",alien,can support himself except by going to his late employer?
the Police? Is it not a strong hint that the,alien,"should be taken back, the employer thus keeping on good"
displayed by His Majesty's Government to procure the re-employment of,alien,enemies. In addition to this notice to the Police there
notice to the Police there is the fact that the,aliens,in the concentration camps recognise that the Home Office is
"areas."" Why should it not be at once settled that",alien,enemies are not to reside in the prohibited areas? Personally
"Home Secretary himself, there are at the present moment 695",alien,enemies residing in them. Would it not be very much
Would it not be very much simpler to exclude all,alien,enemies from the prohibited areas? After the experience we have
"wise to extend the prohibited areas to, and exclude all",alien,"enemies from, the whole of the West Coast of Scotland,"
"of Scotland, where there are plenty of places at which",German,submarines could obtain petrol. And one individual should be made
one individual should be made answerable for the return of,enemy,aliens to other parts of England. This would do away
individual should be made answerable for the return of enemy,aliens,to other parts of England. This would do away with
reason. Lord Lucas then informed me that the number of,alien,"enemies released between November 27, 1914, and January 1 this"
"noble Viscount, I have to state that the number of",alien,"enemies released during November, 1914, was 850; the number released"
"2,680. VISCOUNT GALWAY Can the noble Lord state how many",alien,enemies were interned on November 1? LORD LUCAS The total
they had taken in trying to obtain employment for released,aliens.,The Police have never been employed in doing that. To
War Office is in regard to the release of interned,aliens.,The War Office decided that if it could be clearly
decided that if it could be clearly shown that an,alien,who had been interned was not suspicious or in any
by the War Office that a large body of destitute,aliens,"might become a danger to law and order, and that"
therefore decided to lay down two conditions before an interned,alien,"was released&#x2014;namely, that it should be proved to their satisfaction,"
"it should be proved to their satisfaction, first, that the",alien,"in question was not in any way a dangerous person,"
on his release he was able to obtain employment. The,aliens,were in a great many cases asked to state whether
accurate. In the cases where the statement made by the,alien,to the effect 502 that he could obtain employment has
simply for the purpose of ascertaining the accuracy of the,aliens',statements that such inquiries as have been carried out by
noble Viscount expressed the opinion that the fact that an,alien,after his release was able to obtain employment meant depriving
case. He also suggested that the positions held by the,aliens,who are at present interned in this country should be
"the greater proportion, of the positions that were held by",enemy,aliens are not jobs which returned soldiers would thank anybody
"greater proportion, of the positions that were held by enemy",aliens,"are not jobs which returned soldiers would thank anybody for,"
offered to them. I now come to the point of,alien,enemies still inhabiting prohibited areas. Aliens in these districts are
to the point of alien enemies still inhabiting prohibited areas.,Aliens,"in these districts are dealt with by the military authorities,"
the prohibited areas as obtain for the general treatment of,alien,enemies as a whole. The Military Commander of the District
District is the authority who decides as to how the,aliens,in his district shall be treated. The services of the
"them, for making the necessary inquiries as to whether particular",aliens,"are dangerous, and on the information collected for him by"
is in a position to decide whether or not the,aliens,should be removed from the area over which he has
say whether he does or does not wish to have,aliens,removed from his district. LORD NEWTON Would the noble Lord
make this suggestion because the figures have been published in,"Germany,","in Russia, and, I think, in Austria, and I have"
number of prisoners of war actually taken. LORD NEWTON The,Germans,"have. LORD LUCAS If I remember right, they include among"
been said from the Government Bench with regard to these,"aliens,",as I happen to have received some information regarding them
a large number of those who have been interned as,enemy,"aliens have lived in this country for a long time,"
large number of those who have been interned as enemy,aliens,"have lived in this country for a long time, have"
for all practical purposes English but who have never become,naturalised.,They are entirely in sympathy with us in this war.
cases in which the children of persons who are technically,alien,enemies are serving in His Majesty's Army. Many of these
there is the case&#x2014;it is a very difficult one&#x2014;of those,aliens,"who, if released, are without any visible means of subsistence."
in the large towns where a considerable number of these,aliens,"have resided, and ask the committees to obtain information which"
information which would be satisfactory regarding the character of the,"aliens,",to give security for their good behaviour if any question
"discussions&#x2014;namely, that the really dangerous spy is not always the",alien,"enemy. It is not the man with a German accent,"
that the really dangerous spy is not always the alien,enemy.,"It is not the man with a German accent, a"
the alien enemy. It is not the man with a,German,"accent, a German name, and a blonde 505 beard who"
"It is not the man with a German accent, a",German,"name, and a blonde 505 beard who is the most"
disposition to rest satisfied with fixing attention upon people with,German,"names and of German nationality, but that those who are"
with fixing attention upon people with German names and of,German,"nationality, but that those who are responsible shall keep an"
that the whole administration of the Acts and regulations concerning,Aliens,and suspected persons during the War should be concentrated in
"will be disputed by anyone, that there are some 70,000",alien,enemies now in this country. I would call the attention
have got the peril to life in the presence of,enemy,"aliens, many of whom may be spies or a danger"
got the peril to life in the presence of enemy,"aliens,",many of whom may be spies or a danger to
"Home Secretary himself admitted that there are over 20,000 male",aliens,"in London, of whom 16,000 are of military age&#x2014;that is"
"we have in our City to-day in our midst 16,000",aliens,of military age. I wonder how many Englishmen of military
there is quite a possibility of danger from these un-interned,aliens.,I cannot accept&#x2014;and I do not think we can accept&#x2014;the
of danger from a raid through the presence of these,enemy,aliens in our midst. I do not say they are
danger from a raid through the presence of these enemy,aliens,in our midst. I do not say they are all
their Belgian neighbours. They were the first to help the,German,Army when they overran Belgium. I can tell of an
"if there were the possibility of a raid, the 16,000",enemy,male aliens in London alone should not be a source
"were the possibility of a raid, the 16,000 enemy male",aliens,in London alone should not be a source of danger
us. I do not want anything harsh done with these,"Germans,","but they have come here for their own purposes, not"
"their own purposes, not for ours; they are admittedly born","Germans,","they have not even become, as they might have been,"
"even become, as they might have been, many of them,",naturalised,"Englishmen. These 16,000 have said, ""No, we will not become"
we prefer to live and trade in that country as,alien,"enemies,"" and I say that when there is a war"
say that when there is a war between ourselves and,Germany,"these men who are here for their own purposes, and"
"in this country, cannot complain if we treat them as",alien,enemies. The two main causes of uneasiness with which I
"deal to-day are, of course, the large number of un-interned",alien,enemies and aliens in prohibited areas. But there are one
"of course, the large number of un-interned alien enemies and",aliens,in prohibited areas. But there are one or two smaller
"to mention. There is, of course, the question of interned",alien,enemies in those ships at Portsmouth. 836 I believe the
I had with the Home Secretary regarding the entry of,aliens,into our country. In November last I asked a question
I asked a question containing statements regarding the entry of,alien,"enemies, particularly from America&#x2014;whether large numbers of aliens did not"
"entry of alien enemies, particularly from America&#x2014;whether large numbers of",aliens,did not come over in Atlantic liners; and I suggested
was no adequate precaution taken at Liverpool for bringing together,aliens,"there. I was crushed by the right hon. Gentleman, and"
was:&#x2014; The facts are not as stated. No passengers of,German,nationality on the 'Lusitania.' The examination of passengers at Liverpool
likes. They say that there were a large number of,Germans,"on the ""Lusitania"" on that very voyage. German was heard"
"number of Germans on the ""Lusitania"" on that very voyage.",German,"was heard being spoken all over the ship, and one"
and one of them saw on a writing pad distinct,German,words which had been blotted. As regards the gravamen of
"to the stewards who came along the deck and shouted,","""Aliens","this side, Britishers the other!' Those of us who were"
examination of any kind. I can personally testify to one,alien,who came through with the Britishers without any inquiry at
is a more strict observation kept upon the landing of,aliens,"in our ports. Then, again, there is a considerable difference"
"big Italian banks, the Banca Commerciale Italiana. It is a",German,"controlled bank, with German directors, and it is one of"
"Banca Commerciale Italiana. It is a German controlled bank, with",German,"directors, and it is one of the leading Gorman financial"
"is in Old Broad Street, and it is really a",German,"agency, with a German manager, a German deputy-manager, and three"
"Street, and it is really a German agency, with a",German,"manager, a German deputy-manager, and three enemy sub-managers, all of"
"is really a German agency, with a German manager, a",German,"deputy-manager, and three enemy sub-managers, all of military age. Will"
"agency, with a German manager, a German deputy-manager, and three",enemy,"sub-managers, all of military age. Will it be believed that"
but the rest have been let out. There is a,German,"named Weil, who was either the manager or the deputy-manager,"
managing and controlling that bank more in the interests of,German,directors than of this country? Another case was put before
asked a question last week about the alleged drilling of,aliens,"in the Isle of Man camp, and in spite of"
corresponding with the chief constable of Suffolk in reference to,aliens,"born here of German parents, and, the chief constable writes:&#x2014;"
constable of Suffolk in reference to aliens born here of,German,"parents, and, the chief constable writes:&#x2014; A man and his"
chief constable writes:&#x2014; A man and his sister are British-born,Germans.,They are on my confidential register.&#x2026; I can give the
is desirable. They go about expressing themselves in favour of,Germany.,"For years I have had great, difficulty in dealing with"
"Bissing, and there is also the case of another well-known","German,","Count von B&#x00FC;llow, the brother of the German ex-Chancellor, who"
"another well-known German, Count von B&#x00FC;llow, the brother of the",German,"ex-Chancellor, who throughout the whole of the War, has been"
to help the Government in dealing with this question of,aliens.,"One of the special constables wrote to Scotland Yard, as"
Sunderland wrote:&#x2014; Two days after the bombardment of Hartlepool thirty-four,Germans,were arrested and taken to the police station. The next
on whose authority I cannot say. The following Monday all,aliens,received notice that they would have to go back from
Chief Constable of Suffolk with regard to the removal of,aliens,in a prohibited area. Therefore the Home Secretary is taking
that questions in this House have been answered dealing with,aliens,"by the Secretary of State for the Home Department, since"
has never been said. The responsibility for the internment of,aliens,rested from the first on the War Office and has
had the sole responsibility with regard to the internment of,aliens,from the first. Mr. JOYNSON-HICKS That does not coincide with
The Prime Minister's reply related to the release of interned,aliens.,"For a short period, before 11th November, the release of"
"For a short period, before 11th November, the release of",aliens,"was handed over to me, but it was resumed by"
"What happened in this matter, particularly of the release of",aliens,which was handed over to the War Office? It was
obtained from the police with regard to the release of,enemy,"aliens. I should imagine he says, ""We think that these"
from the police with regard to the release of enemy,aliens.,"I should imagine he says, ""We think that these men"
"Sir Herbert Belfield started this work, to 12th February, 1,916",aliens,"were released. Roughly, they are released at the rate of"
"other duties, to personally consider the release of one thousand",enemy,aliens each month since he has been appointed to this
"duties, to personally consider the release of one thousand enemy",aliens,each month since he has been appointed to this work.
come across various other bodies who have to do with,aliens.,"There is the Chief Constable of every county, there is"
with this question of the internment and the release of,"aliens,",in one way or the other. Surely they should be
to help the administration of justice with regard to these,aliens,which I should like to mention. He is a man
"many people there were convinced, that there was a certain",German,amongst them who ought to be interned. He telephoned to
boasted of his anti-British feelings and who desired that the,Germans,should win in this War. He was just the kind
to find out any action on the part of this,German,against the interests of this country is of minor importance&#x2014;
"admit that is a strong letter, but instead of the",alien,being interned the chief constable turned round and abused ray
and abused ray friend as if he had been the,alien,and had no rights in the matter at all. When
"The Home Office on 7th September issued a circular, ""All",German,Reservists under the age of forty-five to be held as
is responsible with regard to the letting out of these,enemy,aliens. We have asked questions in this House with regard
responsible with regard to the letting out of these enemy,aliens.,We have asked questions in this House with regard to
We have asked questions in this House with regard to,alien,"waiters. Again, I am going to make an admission. I"
an admission. I admit that the statements in regard to,alien,"waiters were exaggerated, but there were 845 some alien waiters"
"to alien waiters were exaggerated, but there were 845 some",alien,waiters who were released after the police had been to
are not paid to be employed to find berths for,enemy,aliens of any kind. Mr. McKENNA They were not so
not paid to be employed to find berths for enemy,aliens,of any kind. Mr. McKENNA They were not so employed.
the part of any policeman to find employment for any,German.,The simple question was put: Is the statement made by
to ask people whether they are prepared to take back,enemy,aliens. That is really what it comes to. There are
ask people whether they are prepared to take back enemy,aliens.,That is really what it comes to. There are to-day
number of the hotels who have a certain number of,Germans,in their employ. Surely there is no need at this
no need at this time of the day to employ,aliens.,"There are many of our own men wanting work, particularly"
are two well-known railway terminus hotels in London which have,aliens,in them to-day. They are the terminus hotels of our
"outside, it is rather a shame that there should be",enemy,aliens employed in the hotels. The gravamen of my charge
it is rather a shame that there should be enemy,aliens,employed in the hotels. The gravamen of my charge all
"of my charge all comes to this. You have 18,000",enemy,aliens in London to-day and 685 male enemy aliens in
"my charge all comes to this. You have 18,000 enemy",aliens,in London to-day and 685 male enemy aliens in the
"have 18,000 enemy aliens in London to-day and 685 male",enemy,aliens in the prohibited areas on the East Coast. That
"18,000 enemy aliens in London to-day and 685 male enemy",aliens,in the prohibited areas on the East Coast. That is
who says that Lord Kitchener is responsible for permitting 685,enemy,alien males to reside on the East Coast of this
says that Lord Kitchener is responsible for permitting 685 enemy,alien,"males to reside on the East Coast of this country,"
good of having a prohibited area if you allow 685,alien,"enemies to reside there? I have been informed, in answer"
"area? The demands I make are threefold. First, that all",alien,enemies in London should be interned. That is a large
"That is a large order, but it is done in","Germany,",because Germany is thorough in regard to the way in
"a large order, but it is done in Germany, because",Germany,is thorough in regard to the way in which it
scarcity of huts or places in which to put these,aliens.,"I will venture to suggest two places. Our workhouses, happily,"
have a good deal of workhouse accommodation available for these,aliens.,"In addition to that, there is the Crystal Palace, which"
Palace is a place admirably adapted for the accommodation of,alien,enemies. Is there any reason why they should not be
"what has occurred there. Consequently, I ask that all the",aliens,"in London should be interned. Secondly, I ask that all"
"London should be interned. Secondly, I ask that all the",aliens,"in prohibited areas should be cleared out&#x2014;men, women, and children."
administration of all the Acts and regulations in regard to,alien,"enemies or suspected persons, which includes Englishmen, to be concentrated"
could not on that occasion raise that part of the,alien,question which dealt with matters that refer to the War
with some of the general questions arising out of the,alien,danger. Surely it is not disputed in any quarter that
"very real one! It is admitted we have some 70,000",aliens,"dwelling in this country, and I think the speech of"
got the peril to life in the presence of many,"aliens,","many of whom may be spies, or a danger to"
are spontaneously capable of any unpatriotic action. Rather I believe,enemy,agitators may easily have endeavoured to foster and increase any
"question, if it is true&#x2014;and it is true undoubtedly&#x2014;that all",aliens,"are not enemies, it is equally true that all enemies"
"enemies, it is equally true that all enemies are not",aliens.,We have a great variety of classes of people who
I would go so far as to say that the,unnaturalised,"German living in this country, the man who remains openly"
would go so far as to say that the unnaturalised,German,"living in this country, the man who remains openly a"
"living in this country, the man who remains openly a",German,"subject, is not by any means 849 the most dangerous."
That man at the outbreak of the War was a,German,subject; he had never taken the trouble to become naturalised.
German subject; he had never taken the trouble to become,naturalised.,"The right hon. Gentleman has since, and I think very"
I believe that by far the most dangerous are those,Germans,"living in this country who have recently, in many cases,"
"in this country who have recently, in many cases, become",naturalised,"British subjects. Obviously, if a man came to this country"
"mischievous intentions, he would take the precaution to become a",naturalised,Britisher in order to facilitate the objects he had in
as he is able to do so without losing his,German,nationality. I think we can look upon the cases of
good deal more suspicion than upon the cases of the,unnaturalised,Germans here. Then I come to the question of women.
deal more suspicion than upon the cases of the unnaturalised,Germans,here. Then I come to the question of women. Apparently
"Friend has referred, on the 1st January there were 695",alien,"enemy males and 2,302 alien enemy females. I cannot help"
"has referred, on the 1st January there were 695 alien",enemy,"males and 2,302 alien enemy females. I cannot help thinking"
"1st January there were 695 alien enemy males and 2,302",alien,enemy females. I cannot help thinking that something should be
"January there were 695 alien enemy males and 2,302 alien",enemy,females. I cannot help thinking that something should be done
this danger. Even if you intern the whole of the,Germans,"living in this country, you would not entirely settle the"
is well known that very large numbers of men of,German,"blood and sympathies are subjects of neutral countries, especially of"
"granted, especially in the case of those who retain their",enemy,nationality. It seems to me that that power of revocation
"To-day the Chamber dealt, with a Bill against persons of","German,","Austrian, and Turkish origin who have adopted French nationality. After"
Government Bill was passed. It annuls naturalisation of persons of,enemy,"origin who retained their original nationality after adopting French, who"
case where the man was admitted to be an open,enemy,"of this country, but because he was a naturalised Britisher"
"open enemy of this country, but because he was a",naturalised,Britisher he could not be interned except by the ordinary
been able to deal with him as with any other,alien,"and intern him on suspicion, and at the end of"
desirable that something should be done with regard to women,alien,enemies. The hon. Member for Pontefract (Mr. Booth) referred yesterday
non-military age who are in this country and are of,German,origin back to Germany? It is as well that the
in this country and are of German origin back to,Germany?,It is as well that the Germans should have the
origin back to Germany? It is as well that the,Germans,"should have the pleasure of feeding them, instead of the"
which it is suggested that it is dangerous to allow,aliens,"852 to live, that you should have some 3,000 of"
"be London, where we are told there are some 20,000",aliens,now living. I would emphasise the view that naturalised aliens
"20,000 aliens now living. I would emphasise the view that",naturalised,aliens are probably the most dangerous of the enemies we
aliens now living. I would emphasise the view that naturalised,aliens,are probably the most dangerous of the enemies we have
that under certain conditions they should be subject to the,Alien,Restriction Orders which already apply to unnaturalised aliens. I admit
subject to the Alien Restriction Orders which already apply to,unnaturalised,aliens. I admit to the full the difficulty of dealing
to the Alien Restriction Orders which already apply to unnaturalised,aliens.,I admit to the full the difficulty of dealing with
"have people of undoubted sympathy with our enemies, probably of",enemy,"blood and family ties, and possibly having relatives fighting against"
assumed that he intends his Motion to apply only to,enemy,aliens. He does not say so in the actual terms
that he intends his Motion to apply only to enemy,aliens.,He does not say so in the actual terms he
am very sorry. I did mean to add the word,"""enemy""","before aliens, and to move it in that form. Mr."
"sorry. I did mean to add the word ""enemy"" before","aliens,",and to move it in that form. Mr. McKENNA Then
the whole administration of the law in 853 relation to,aliens,"under one department, because we have pauper aliens and criminal"
"relation to aliens under one department, because we have pauper",aliens,and criminal aliens as well. Mr. JOYNSON-HICKS I meant alien
"under one department, because we have pauper aliens and criminal",aliens,as well. Mr. JOYNSON-HICKS I meant alien enemies. Mr. McKENNA
aliens and criminal aliens as well. Mr. JOYNSON-HICKS I meant,alien,enemies. Mr. McKENNA The hon. Gentleman desires that the whole
responsibility for the administration of the law in relation to,enemy,aliens and suspected persons should be vested in one department
for the administration of the law in relation to enemy,aliens,and suspected persons should be vested in one department and
"that decide when, for how long, and to what extent",enemy,aliens shall be interned. That statement was made nearly four
"decide when, for how long, and to what extent enemy",aliens,shall be interned. That statement was made nearly four months
suffered in a military sense through the presence of these,enemy,aliens. I think they are the right authority to determine
in a military sense through the presence of these enemy,aliens.,"I think they are the right authority to determine that,"
Kitchener has had the sole responsibility for the internment of,aliens.,Nobody else has ever had any responsibility for determining whether
Nobody else has ever had any responsibility for determining whether,aliens,"should be interned or not interned, or the numbers which"
RONALD M'NEILL Is the same-authority responsible for the landing of,aliens?,Mr. McKENNA No. I am responsible for that. Mr. JOYNSON-HICKS
Debate agreed that he intended to limit the subject to,enemy,aliens. I am asked whether I am responsible for the
agreed that he intended to limit the subject to enemy,aliens.,I am asked whether I am responsible for the landing
am asked whether I am responsible for the landing of,aliens.,I say I am. Mr. JOYNSON-HICKS Enemy aliens? Mr. McKENNA
the landing of aliens. I say I am. Mr. JOYNSON-HICKS,Enemy,aliens? Mr. McKENNA The hon. Member wished to have two
landing of aliens. I say I am. Mr. JOYNSON-HICKS Enemy,aliens?,Mr. McKENNA The hon. Member wished to have two Departments
"the landing of every steamer, one to deal with such",aliens,as are enemy aliens and the other to deal with
"every steamer, one to deal with such aliens as are",enemy,aliens and the other to deal with all other aliens.
"steamer, one to deal with such aliens as are enemy",aliens,and the other to deal with all other aliens. The
enemy aliens and the other to deal with all other,aliens.,The landing of an alien in this country is one
to deal with all other aliens. The landing of an,alien,"in this country is one operation, and it must be"
the hon. Member suggests should be done. With regard to,aliens,"in prohibited areas, here again the ultimate responsibility rests with"
a prohibited area&#x2014;could not be removed unless he was an,enemy,"alien. If that was the view he had, and if"
prohibited area&#x2014;could not be removed unless he was an enemy,alien.,"If that was the view he had, and if he"
thought therefore that in the case of persons who are,naturalised,there ought to be power to cancel their certificates in
My impression certainly was that a man who was a,naturalised,British subject could not be interned on suspicion. Mr. McKENNA
in prison for breaking the law. Mr. MASON Can a,naturalised,alien be interned and arrested for inquiry? Mr. McKENNA He
prison for breaking the law. Mr. MASON Can a naturalised,alien,be interned and arrested for inquiry? Mr. McKENNA He could
anywhere else unless a charge was brought against him. A,naturalised,"enemy alien, or a British subject, or anybody, whether naturalised"
else unless a charge was brought against him. A naturalised,enemy,"alien, or a British subject, or anybody, whether naturalised or"
unless a charge was brought against him. A naturalised enemy,"alien,","or a British subject, or anybody, whether naturalised or not,"
"naturalised enemy alien, or a British subject, or anybody, whether",naturalised,"or not, if living anywhere, not necessarily in a prohibited"
suspected person. Mr. MASON Can they deal with a suspected,alien?,"Mr. McKENNA Any person may be told, if the military"
suspicion? Would it be on the ground that they were,aliens?,"If they were interned, the general ground upon which it"
be on the general ground that the woman was of,German,nationality. The hon. Gentleman told the House of the case
hon. Gentleman told the House of the case of a,German,to whom I have recently given a certificate of naturalisation.
"no evidence whatever, except such suspicion as may attach to",German,birth? Mr. MASON My suggestion in regard to women was
he suggests should be adopted Mr. JOYNSON-HICKS Why not intern,aliens,of military age? Mr. McKENNA The hon. Gentleman has referred
military age? Mr. McKENNA The hon. Gentleman has referred to,aliens,of military age. He would grant them certificates of naturalisation.
say that the hon. Gentleman invited me to naturalise three,Germans.,"If that is his actual personal policy, if he were"
policy that ought to be adopted&#x2014;the policy of interning all,Germans,of military age. Mr. JOYNSON-HICKS I certainly would. Mr. McKENNA
Mr. JOYNSON-HICKS I certainly would. Mr. McKENNA There are many,Germans,of military age he would intern without regard to the
regard to the circumstances. He would find that there are,Germans,who have lived in this country from the age of
"from the age of a few weeks, who have no",German,"relatives, who know no language but English, who have known"
English in feeling. He would find that many of the,Germans,he would intern are in that position. I know one
"case after case of persons, men and women, of technical",German,nationality who are as bitter enemies of Germany and as
of technical German nationality who are as bitter enemies of,Germany,and as strong admirers of this country as the hon.
"said, considerable doubt as to the authority which dealt with",aliens.,"I think that his speech this afternoon made, in one"
Office stating that something was being done in regard to,"aliens,",but there was a sentence in it that the overwhelming
a sentence in it that the overwhelming number of these,Germans,"were decent, inoffensive people from whom no danger was to"
"all know, that there are many cases&#x2014;I know some myself&#x2014;of",Germans,who were born in Germany but who have lived so
many cases&#x2014;I know some myself&#x2014;of Germans who were born in,Germany,but who have lived so long here that their sympathies
right to ask is that every man or woman of,German,"birth should be regarded with suspicion, beginning with the idea"
Secretary or the War Office. Notice was given that all,aliens,should be moved inland on the Monday. On the Friday
plays as a definite part of the military system of,Germany.,I believe that the Germans used it in the Franco-German
of the military system of Germany. I believe that the,Germans,used it in the Franco-German war almost as much as
Germany. I believe that the Germans used it in the,Franco-German,war almost as much as now; but in any war
and in the part of France that was invaded by,"Germany,",what do we find? We find&#x2014;and this is really no
the army of spies was the advanced guard of the,German,"Army, and that it prepared the way for the advancing"
"happened in Belgium and France, and since we know that",Germany,does not love us any better than she loved Belgium
"I believe, an elaborate system of espionage in which every",German,with real patriotic feeling is more likely to assist than
to mark out particular areas and make certain that no,alien,enemies is to be found within those areas. They did
those areas. What have they done? They are prohibited to,aliens.,"But there are 600 male aliens in that area, and,"
They are prohibited to aliens. But there are 600 male,aliens,"in that area, and, according to the statement of the"
"right hon. Gentleman to-day, there are 2,000 or 3,000 female",aliens.,What in the world is the use of making a
you should make them effective and not have a single,alien,within them. I have said I had noticed in the
trial in the papers&#x2014;for answering what were supposed to be,German,"signals. As I understood the trial, our Admiralty, in order"
a ship along the coast. They put up two supposed,German,"signals, and they were instantly answered. What does that mean?"
decide upon internment. If the War Office say that every,alien,"in a certain area ought to be interned, that is"
a military operation. But if you are dealing with individual,aliens,"about whom you have a suspicion, the right authority to"
freedom in this country than I would of allowing a,German,Army to land on our shores. I would never dream
"hardship to many innocent people, in the case of great",German,"financial houses, who have the power of doing us infinitely"
business basis on which our whole policy in regard to,aliens,"is founded. What did the right hon. Gentleman say? ""I"
have no responsibility; it is the War 869 Office. If,Germans,"are to be interned, they ask me, and I do"
him instructions that they know the exact character of every,German,to be interned? Nothing of the kind. They get their
shoulder because somebody suspected him. I say that the poorest,German,in this country ought to have an opportunity of going
"going before a tribunal and having his case stated, and",Germans,should not be sent wholesale to camps without any opportunity
been done. I know one or two cases in which,aliens,have been told in London to go to the police
we are convinced that he may give information to the,"enemy,","and we must send 870 word to the Home Office,"
kind. In my own Constituency men were getting money from,Germany,"and they were under suspicion, and it was said, of"
"course, that they got their money from house property in",Germany.,The police were convinced there was very good ground for
is not usual for the Kaiser to give Orders to,Germans,living permanently in a foreign country. Even if they had
"very opening of the War, who will pretend that the",alien,question was properly dealt with? Why were Germans of military
that the alien question was properly dealt with? Why were,Germans,of military age at the beginning of the War allowed
the beginning of the War allowed to go back to,"Germany,",and stopped later? If the policy of stopping them was
"of spies still in this country, corresponding regularly with the",German,Secret Service on the borders of a neutral country. A
"taken, the Government could get at every paid spy of",Germany,in this country. How can it be done? It can
has not been cycled over by an officer of the,German,"Army, who knows every inch of the ground, and if"
arranged. It is known that one of the most distinguished,German,generals at the very present moment on the Western front
that this spy question is part and parcel of the,German,"organisation, and that they know what is going on just"
"the question, in which this matter is being handled in",Germany,itself. In Germany no Englishman or Britisher of military age
which this matter is being handled in Germany itself. In,Germany,no Englishman or Britisher of military age is allowed freedom
"three days. Therefore, they are dealing with the British in",Germany,in a much harsher way than we are dealing with
a much harsher way than we are dealing with the,Germans,"here. On the question of the employment of Aliens here,"
the Germans here. On the question of the employment of,Aliens,"here, just consider what they do in Austria. Any person"
try that on some of the people who are employing,Germans,over here. I am not at all sure that it
"many claims on his time, has never yet heard an",Aliens',"Debate. After all, he is the deciding factor between the"
Secretary gave the House to understand that the regulations affecting,aliens,and suspects are being worked in the most admirable 874
reverse is true. Let me deal with the question of,alien,"enemies. The Home Secretary, on the 12th November last, told"
"12th November last, told us that in the matter of",alien,"enemies the whole responsibility, both for their internment and their"
either in the internment or in the release of any,aliens.,"It is purely a military matter.""&#x2014;[ OFFICIAL REPORT. 12th November."
great deal of abuse in this matter of dealing with,alien,"enemies. I confess I did not understand, and I do"
"alone, had been the person responsible for the release of",alien,"enemies, as he has told us to-day. Mr. McKENNA What"
up to that date was responsible for the release of,alien,"enemies. We are learning, we are getting on, and we"
are told now that the internment and release of these,alien,"enemies is purely a military matter, we are assured by"
"a system of that sort in operation, you get 22,000",alien,"enemies loose in London, and 16,000 of military age. There"
in which there is divided responsibility It arises under the,Aliens,Restriction Act of last year. Under that Act enemy aliens
the Aliens Restriction Act of last year. Under that Act,enemy,aliens are prohibited from residing in prohibited areas unless they
Aliens Restriction Act of last year. Under that Act enemy,aliens,are prohibited from residing in prohibited areas unless they get
chief constables with the local military authorities in dealing with,enemy,aliens in prohibited areas. The regulations are issued by the
constables with the local military authorities in dealing with enemy,aliens,in prohibited areas. The regulations are issued by the Home.
"military authorities, in any case in which they allow an",enemy,"alien to remain in a prohibited area, and to inform"
"authorities, in any case in which they allow an enemy",alien,"to remain in a prohibited area, and to inform the"
"Secretary, who has this matter within his authority under the",Aliens,"Restriction Act , so far as his jurisdiction extends, has"
"substance, is that where they suspect any persons, be they",aliens,"or be they British subjects, of action prejudicial to the"
Commanding the Northern District made an order directing that all,"aliens,","whether naturalised or otherwise, should be removed from the East"
"Northern District made an order directing that all aliens, whether",naturalised,"or otherwise, should be removed from the East Coast. That"
"what happened? On the 1st of January last, before any",aliens,"had been removed under this order, the Home Office, on"
"letter was that they had complaints from some persons, presumably",aliens,"about to be removed, who imagined that it was a"
important that he makes an order for the removal of,aliens,from the East Coast. If the Home Secretary thought there
General Officer Commanding telling him not to lock up any,"aliens,",but to suspend the order? The Under-Secretary of State for
confusion about it. I asked two days later how many,aliens,had been actually removed under this order before the 1st
"force. Mr. BUTCHER Oh, what a good thing! Because these",aliens,"were going of their own free will, are we to"
"commanding the Northern Command&#x2014;was cancelled and suspended, and only twenty-eight",aliens,"have been removed from the coast since 1st January, while"
which is a prohibited area. This lady was a born,German,"subject, the sister of General von Bothmer, who holds a"
"General von Bothmer, who holds a high command in the",German,"Army. She has as an intimate friend Admiral von Tirpitz,"
with her when the War broke out. She was never,"naturalised,","but she married an English gentleman living at Beverley, and"
cases&#x2014;and I suppose everyone in this House has known cases&#x2014;where,aliens,have been interned and influence from outside has been brought
who probably knew nothing about the circumstances in which the,aliens,"were interned, or in which orders were made for removal."
"understand, and quite fully appreciate, the danger of espionage amongst",alien,"enemies, I say deliberately that this alien business has just"
"of espionage amongst alien enemies, I say deliberately that this",alien,business has just been a little overdone. There was the
"fiddling all day, but you may be communicating with the",enemy,"by night."" The police sent him to Braemar where, of"
Lord. I do not suppose that now there are any,alien,enemies in that district. Lord C. BERESFORD Thank God! Mr.
unnecessarily severe policy of the Government. I suppose that every,"German,","Austrian, or Bohemian, and this old man the Bohemian who"
old man the Bohemian who has nothing to do with,"Germany,",will be interned when they are found. The hon. Member
was not in the least likely to be a dangerous,enemy.,The hon. Member for Brentford wished to lock up everyone
Brentford wished to lock up everyone of these men. Now,Germany,"does not do that. [An HON. MEMBER: ""Yes!""] They put"
who are forbidden to go beyond a certain area; but,Germany,does not lock them up and intern them. If the
forget the extraordinarily close relationship that existed between Belgium and,Germany,before the War. There were a very large number of
before the War. There were a very large number of,Germans,"settled in Belgium, compared with the population, and there was"
"country. And, of course, we knew of cases where the",Germans,"have laid concrete foundations, and all that sort of thing."
pause before starting on a policy of locking up every,German,"and creating an awful amount of misery. The military authority,"
did in his constituency had the desired effect of removing,aliens,from the coast. The hon. Gentleman also said that I
the coast. I again reaffirm what I said before. The,German,spy system in this country is well-known to the Home
to think of our own people before we think of,alien,enemies. I do not for one moment deny that the
"people from a most trying danger, than to have these",alien,enemies at large and leave our people to that trying
who are going to do us any harm. They talk,German,"and know German, but have not the chance of doing"
to do us any harm. They talk German and know,"German,",but have not the chance of doing any harm. It
more dangerous to the life of this country than the,German,submarines with which we are confronted. I do not think
in connection with the internment 888 and release of these,alien,enemies. I agree with the hon. Member opposite that many
police supervision? Mr. McKENNA Yes. Lord C. BERESFORD Then our,alien,enemies are officially protected. We saw some symptoms of sanity
little more in regard to the locking up of the,alien,"enemies, and the right hon. Gentleman must see that the"
no sense of proportion. Every British subject is interned in,Germany,"irrespective of age or whether he is ill, and he"
"and he is ill-used, insulted, and ill-fed. Here we have",aliens,"almost caressed by the Government. [An HON. MEMBER: ""No.""] Yes"
"all over the place after they are interned, whereas in",Germany,they are kept under the conditions which I have described.
after our own people without concerning ourselves so greatly about,"aliens,",so long as we are fair to them. We do
not think we should concern ourselves so greatly about our,alien,enemies. The Government have admitted that all the British prisoners
The Government have admitted that all the British prisoners in,Germany,are treated much worse than the prisoners of other nations.
forget that there is not one single man-of-war prisoner in,"Germany,",although they could have been picked up after the sinking
"Hope,"" whereas, on the other hand, we have lots of",German,sailors who have been saved by our ships. I mention
sentimentality which we have been showing in regard to these,aliens.,"I do not want them ill-treated, but I want them"
clearly. In this matter we are fighting the most formidable,enemy,this country has ever fought. We are fighting for our
"our existence, and our liberty, against the most dastardly, cruel","enemy,","who approves of the methods of assassins and pirates, and"
must see that certain Acts of Parliament deal with this,alien,question and it is impossible to co-ordinate them. We could
to co-ordinate them. We could not bring the Registration of,Aliens,"Act under the War Office, and it is equally impossible"
is a ground of suspicion with other things. Every single,alien,enemy in this country is known and is at this
a ground of suspicion with other things. Every single alien,enemy,in this country is known and is at this present
Does the right hon. Gentleman tell the House that every,alien,enemy in the United Kingdom at this time is under
the right hon. Gentleman tell the House that every alien,enemy,in the United Kingdom at this time is under police
"first place, the House ought to know that every single",alien,enemy is known and registered under the Registration of Aliens
"place, the House ought to know that every single alien",enemy,is known and registered under the Registration of Aliens Act
alien enemy is known and registered under the Registration of,Aliens,Act . Sir H. DALZIEL Not at all. Some come
come in as Americans. Mr. TENNANT But they are not,aliens.,Mr. SPEAKER I think we had better hear what the
"what my right hon. Friend behind me says, that every",alien,enemy resident in this country&#x2014;I cannot say it of one
"my right hon. Friend behind me says, that every alien",enemy,resident in this country&#x2014;I cannot say it of one who
aware of him it will be so&#x2014;is registered under the,Aliens,"Restriction Act , whether in a prohibited area or not."
"fact which I hope the House will appreciate. Again, every",alien,of whatever nationality is obliged to register in the prohibited
obliged to register in the prohibited areas. That is not,alien,"enemies alone, but every alien of what&#x2014;ever nationality in a"
"prohibited areas. That is not alien enemies alone, but every",alien,of what&#x2014;ever nationality in a prohibited area. The prohibited areas
"have power to remove any suspected person, whether British or",alien,who is named in the order from any place and
painted of there being this laxity everywhere with regard to,alien,"enemies, I should really share his apprehensions and feel all"
afternoon that the Government has not taken this question of,aliens,"sufficiently seriously, and he asks us whether we really hold"
administration with regard to this particular question of dealing with,"aliens,","we maintain that the Government, whatever their intentions may be,"
"is bound to admit, in regard to the question of",alien,"enemies, that, as the law stands at present, it is"
the very difficult and technical work of dealing with the,alien,"enemy question. The Under-Secretary for War, in dealing with the"
very difficult and technical work of dealing with the alien,enemy,"question. The Under-Secretary for War, in dealing with the specific"
I have taken a very great interest in this 898,alien,enemy question from the beginning. I have made it my
have taken a very great interest in this 898 alien,enemy,question from the beginning. I have made it my business
"often, that we are dealing not alone with spies. Your",alien,enemies are divided into two quite distinct classes. There are
the main body. You have spies on one side and,alien,"enemies on the other, and to ask the General Officer"
for six months. We have had repeated Debates on the,alien,question. Why was not this statement made six months ago?
as the spies are concerned. I come next to the,alien,"enemy question. It has been quite impossible to understand, from"
the spies are concerned. I come next to the alien,enemy,"question. It has been quite impossible to understand, from the"
War Office decided whether it was desirable that groups of,alien,"enemies should be arrested and gave him instructions, that he"
country because they are a means of circulating information to,enemy,aliens who are allowed to live here in far larger
because they are a means of circulating information to enemy,aliens,who are allowed to live here in far larger numbers
Gentleman the Member for Kirkcaldy as to the number of,enemy,aliens in the Metropolis is inaccurate. Mr. TENNANT I said
the Member for Kirkcaldy as to the number of enemy,aliens,in the Metropolis is inaccurate. Mr. TENNANT I said they
confidence at all. But when he tells us that these,enemy,"aliens are not only known to the police, but are"
at all. But when he tells us that these enemy,aliens,"are not only known to the police, but are under"
the admission of the existence of this large number of,alien,enemies and the statement that they are regarded as harmless
"time, however short, the victim of a raid by our",German,enemies. Then the real danger and trouble of the existence
the statement of the right hon. Gentleman opposite that these,enemy,"aliens are all under police supervision, but I do not"
statement of the right hon. Gentleman opposite that these enemy,aliens,"are all under police supervision, but I do not think"
opposite intended to represent that this supervision would extend to,naturalised,"aliens. If that is so, it certainly would not extend"
intended to represent that this supervision would extend to naturalised,aliens.,"If that is so, it certainly would not extend to"
had had full information with regard to this gentleman of,German,"origin for two years past. If that is so, if"
and all the aspects of it in relation to the,alien,"question, and if, with all that knowledge, the Government still"
the House during the last few weeks&#x2014;Baron von Bissing&#x2014;is a,German,by birth who has been naturalised in this country for
weeks&#x2014;Baron von Bissing&#x2014;is a German by birth who has been,naturalised,in this country for between seven and eight years. The
a considerable period the London correspondent of a newspaper in,Germany,"which is, I believe, at once the most Anglophobe of"
"in some way, the official or semi-official organ of the",German,military party. Herr von Bissing has been living in this
in this country for seven or eight years as a,naturalised,subject. The hon. Member for Mid-Armagh has told the right
"at his disposal, which certainly should throw suspicion upon this",German,gentleman. In the light of the admission made from the
the Government Bench this afternoon that the mere existence of,enemy,nationality was a ground of suspicion&#x2014;a proposition in which I
was closely related to a very high military potentate in,"Germany,","who has been taking a prominent part, and by no"
occupation is that I am in the service of the,German,Foreign Office. There you have a definite statement to which
after his naturalisation was in the paid employment of the,German,Foreign Office. Could you possibly have a stronger reason for
constant and evidently some sort of official communication with the,German,"authorities in Berlin. Yet, in the face of all that"
not think the case is one in which this distinguished,German,gentleman should be interned. He tells us he has had
so exasperated or resentful at the favour shown to conspicuous,German,people living among them&#x2014;that they should be so hopeless of
the War Office was also responsible for the landing of,aliens,"in this country, surely a very important part of the"
"is my Department."" He was responsible for the landing of",aliens.,Surely the landing of enemy aliens is just as important&#x2014;perhaps
responsible for the landing of aliens. Surely the landing of,enemy,"aliens is just as important&#x2014;perhaps more important, and certainly as"
for the landing of aliens. Surely the landing of enemy,aliens,"is just as important&#x2014;perhaps more important, and certainly as difficult&#x2014;as"
hon. Friend (Mr. Joynson-Hicks) with regard to the landing of,aliens,in Liverpool. How does that case stand? My hon. Friend
an answer of the Home Secretary to him that no,Germans,"had arrived in this country by the ""Lusitania,"" and that"
and that they spent their time on the voyage among,Germans.,Is it going to be suggested that they could be
could be for five days on the same ship with,Germans,and not know them to be Germans? They had conversation
same ship with Germans and not know them to be,Germans?,"They had conversation with them, saw their writing, heard their"
with them. They declare that there were a number of,Germans,on that very vessel. But it is even more inconceivable
"in some of the boats, though not in all. Any",German,who spoke even decent English and could give an account
"if it comes to a question of evidence, for a",German,to pass himself off as an Englishman to the officer
the least prepared 907 myself with information with regard to,alien,"enemies or other persons landing from the steamship ""Lusitania."" The"
simple grasp and unified treatment of the whole question of,aliens,"in this country, whether in regard to their landing in"
"tell us that, to get efficient administration of this whole",alien,"question, he requires a certain Bill to be passed, and"
"all, can these people do? Do you think that these",Germans,scattered about the country can do any useful service to
about the country can do any useful service to the,German,"Government? They do not know anything."" It is not for"
have been told that there are so many thousands of,alien,enemies abroad in London. Whether they are under police supervision
"little, is it not easily imaginable that the thousands of",Germans,throughout London might in a short time create a conflagration?
Buckingham Palace? It would be quite easy to provide the,enemy,with facilities for attacking these places. If we had taken
"it is valuable information. He told us that the 16,000",alien,enemies who are of military age in London are under
"he, for instance, tell us how many of the 16,000",alien,enemies of military age have arms? Mr. TENNANT None. Mr.
regard to the sale of arms a considerable number of,alien,"enemies were purchasing them. I suppose, if they purchased them,"
out of employment because of the fact that he is,"German,",you have a man who might be harmful. I know
he was thrown out of employment because he is a,German.,At the present moment that man is walking the streets
Gangway opposite. The proper authority to keep an eye on,alien,enemies is the police. Does that Department in the War
the other day that he had a certain number of,alien,"enemies in his charge&#x2014;I think it was about 2,000&#x2014;and word"
their duty to exercise this vigilance with the knowledge that,Germany,"makes war in a peculiar manner, and does it not"
"out&#x2014;and I doubt whether it could be with 15,000 male",aliens,"in the London area alone&#x2014;there are not great difficulties, especially"
but that is not the case with regard to these,aliens.,We have heard enough in this Debate to make us
was a gentleman whose grandfather came into this country from,Germany,"when he was three months old, and afterwards held for"
"in going home one night saw one who, obviously a",German,"in British khaki uniform, was comporting himself in such a"
for the assistance of this civilian who knew something of,German,"and Continental people, and who at least thought that he"
the outstanding liabilities of each bank to creditors other than,enemy,alien creditors; and whether there is any reason for carrying
outstanding liabilities of each bank to creditors other than enemy,alien,creditors; and whether there is any reason for carrying on
of the War the carrying on of banking business by,enemy,subjects in this country was prohibited under the Aliens Restriction
by enemy subjects in this country was prohibited under the,Aliens,"Restriction Order, and enemy banks were in consequence closed as"
"this country was prohibited under the Aliens Restriction Order, and",enemy,banks were in consequence closed as far as banking business
"Additional steps were, however, taken with respect to the three",German,"banks&#x2014;the Deutsche Bank, the Dresdner Bank, and the Disconto-Gesellschaft&#x2014;and two"
connection of the bank with those customers; and as regards,enemy,"customers, to vest their property in the custodian. The first"
securities: ( a ) securities the absolute property of an,enemy,free of the bank's lien. These go to the custodian;
owing to their residing in or carrying on business in,enemy,"countries. Arrangements have been made for allowing these securities, on"
no advance against them while the customer remains technically an,enemy.,The process of the realisation of assets and discharge of
the manner and means by which the assets of the,German,banks in London are disposed of? Mr. McKENNA Any transactions
London are disposed of? Mr. McKENNA Any transactions of the,German,banks in London under their licence are subject to the
Exchequer what properties are held in London by the three,German,banks now under control; whether any of such properties are
whether any of such properties are held on behalf of,German,shipping companies; and what steps have been taken to dispose
the Public Trustee in compliance with the Trading With the,Enemy,"(Amendment) Act, 1914 , and it is open to any"
only British interests that are regarded in the winding&#x2014;up of,alien,"enemy banks, there is any sufficient reason why nominees of"
British interests that are regarded in the winding&#x2014;up of alien,enemy,"banks, there is any sufficient reason why nominees of German"
"enemy banks, there is any sufficient reason why nominees of",German,banks should be employed as brokers for selling securities belonging
British origin shall be employed in selling securities belonging to,German,"banks on the Stock Exchange, and that firms in which"
"in which the partners, or some of them, are of",enemy,"origin shall not be so employed; and whether, if he"
such authority? Mr. McKENNA The brokers employed by the three,German,banks are all members of the London Stock Exchange who
birth and twenty-two of partners partly British born and partly,naturalised.,"Of the latter group of twenty-two firms, the partnership element"
"consists of forty-two persons of British birth, forty-two persons of",enemy,"origin who are naturalised, and four of allied 1535 and"
"of British birth, forty-two persons of enemy origin who are","naturalised,",and four of allied 1535 and neutral birth. I will
if the licences to trade which have been issued to,enemy-owned,"banks can be withdrawn; if so, whether the Board of"
will be followed by winding-up under the Trading With the,Enemy,Act ? Mr. McKENNA The licence issued to the Deutsche
already been withdrawn. In the case of the other two,German,banks the licence will be withdrawn as soon as the
to wind up the banks under the Trading With the,Enemy,"Act , as the present procedure makes a formal winding-up"
Sir William Plender for acting as controller of the various,German,banks in London? Mr. McKENNA The professional fees of the
Will the correspondence which will have to take place with,Germany,be carried on by British subjects here rather than by
be carried on by British subjects here rather than by,German,subjects? Mr. McKENNA The correspondence will be by the authorities
for by the head offices of the respective banks in,Germany.,The London establishments are not responsible for inaccurate and misleading
the head offices or agencies of the banks in the,enemy,or neutral Press. No paid advertisements have been continued or
paid to Sir William Plender and other controllers of the,German,firms and banks is subjected to the War Profits Tax?
McKENNA The persons appointed to be supervisors and controllers of,enemy,"banks and firms are normally accountants, and their remuneration is"
G. FABER asked the Chancellor of the Exchequer how many,naturalised,"Germans and Austrians, and how many enemy aliens, are still"
FABER asked the Chancellor of the Exchequer how many naturalised,Germans,"and Austrians, and how many enemy aliens, are still employed"
"Exchequer how many naturalised Germans and Austrians, and how many",enemy,"aliens, are still employed in the London branches of the"
"how many naturalised Germans and Austrians, and how many enemy","aliens,",are still employed in the London branches of the Deutsche
"the Dresdner Bank, and the Disconto-Gesellschaft? Mr. BONAR LAW Eighteen",naturalised,"British subjects, three German, and one Austrian subject. Mr. FABER"
"the Disconto-Gesellschaft? Mr. BONAR LAW Eighteen naturalised British subjects, three","German,",and one Austrian subject. Mr. FABER As I understand no
"is done in the bank, why should there be any",Germans,at all? Mr. BONAR LAW I have spoken today to
"banks are kept going, not for the sake of the",German,"shareholders, but for the sake of British and Allied creditors."
